<?xml version="1.0" encoding="UTF-8"?>
<project-private xmlns="http://www.netbeans.org/ns/project-private/1">
    <editor-bookmarks xmlns="http://www.netbeans.org/ns/editor-bookmarks/2" lastBookmarkId="0"/>
    <open-files xmlns="http://www.netbeans.org/ns/projectui-open-files/2">
        <group>
            <file>file:/C:/Projects/humhub/modules/onlydocuments/widgets/EditorWidget.php</file>
            <file>file:/C:/Projects/humhub/modules/onlydocuments/resources/humhub.onlydocuments.js</file>
            <file>file:/C:/Projects/humhub/modules/onlydocuments/controllers/BackendController.php</file>
            <file>file:/C:/Projects/humhub/modules/onlydocuments/README.md</file>
            <file>file:/C:/Projects/humhub/modules/onlydocuments/views/admin/index.php</file>
            <file>file:/C:/Projects/humhub/modules/onlydocuments/models/ConfigureForm.php</file>
            <file>file:/C:/Projects/humhub/modules/onlydocuments/Module.php</file>
        </group>
    </open-files>
</project-private>
